<?xml version="1.0" encoding="UTF-8" standalone="yes"?>
<addon id="repository.streamindemons" name="Streamin Demons Repository" version="1.0" provider-name="streamindemons">
    <extension point="xbmc.addon.repository" name="Streamin Deamons Repository">
        <dir>
            <info compressed="false">https://raw.githubusercontent.com/streamindemons/Addons/master/addons.xml</info>
            <checksum>https://raw.githubusercontent.com/streamindemons/Addons/master/addons.xml.md5</checksum>
            <datadir zip="true">https://github.com/streamindemons/Addons/raw/master/</datadir>
        </dir>
    </extension>
    <extension point="xbmc.addon.metadata">
        <summary>Streamin Demons Repository</summary>
        <description>Download our Build!</description>
        <disclaimer></disclaimer>
        <platform>all</platform>
        <assets>
            <icon>icon.png</icon>
            <fanart>fanart.jpg</fanart>
        </assets>
    </extension>
</addon>
